"#","Qty","Reference","Value","Tolerance","Footprint","TempCo","Voltage","DNP","OEPS PN","MPN","Description"
"1","5","C1,C12,C16,C38,C39","1uF","","Capacitor_SMD:C_0603_1608Metric","","","","OEPS010022","CL10A105KA8NNNC","CAPACITOR:   SMD CER 0603 1uF 25V ±10% X5R   [CL10A105KA8NNNC] [SMD]"
"2","13","C2,C3,C4,C5,C6,C7,C8,C9,C10,C11,C13,C18,C19","0.1uF","","Capacitor_SMD:C_0402_1005Metric","","","","OEPS010066","C1005X5R1V104K050BB","CAPACITOR:   SMD CER 0402 100nF 35V ±10% X5R (OEPS H1 001)   [C1005X5R1V104K050BB] [SMD]"
"3","2","C14,C15","22pF","","Capacitor_SMD:C_0402_1005Metric","NP0","","","OEPS010080","CL05C220JB51PNC","CAPACITOR:   SMD CER 0402 22pF 50V ±5% C0G/NP0   [CL05C220JB51PNC] [SMD]"
"4","2","C20,C26","HV0820-2R7305-R","","open-ephys:HV0820-2R7305-R","","","","OEPS210011","HV0820-2R7305-R","CAPACITOR POL:   TH SUPERCAPACITOR 3F 2.7V ±10% RADIAL   [HV0820-2R7305-R] [TH]"
"5","2","C21,C24","100uF","","Capacitor_SMD:C_Elec_8x10.2","","","","OEPS210012","UCD1E101MCL6GS","CAPACITOR POL:   SMD ALUM 100uF 25V ±20% X7R   [UCD1E101MCL6GS] [SMD]"
"6","2","C22,C23","22uF","","Capacitor_SMD:C_1206_3216Metric","","","","OEPS010098","TMK316BBJ226ML-T","CAPACITOR:   SMD CER 1206 22uF 25V ±20% X5R   [TMK316BBJ226ML-T] [SMD]"
"7","3","C25,C35,C37","4.7uF","","Capacitor_SMD:C_0805_2012Metric","","","","OEPS010013","GRM21BR61H475KE51L","CAPACITOR:   SMD CER 0805 4.7uF 50V ±10% X5R   [GRM21BR61H475KE51L] [SMD]"
"8","5","C27,C28,C31,C32,C36","0.1uF","","Capacitor_SMD:C_0402_1005Metric","","50V","","OEPS010016","CGA2B3X7R1H104K050BB","CAPACITOR:   SMD CER 0402 100nF 50V ±10% X7R   [CGA2B3X7R1H104K050BB] [SMD]"
"9","1","C29","0.47uF","","Capacitor_SMD:C_0805_2012Metric","","50V","","OEPS010099","CL21B474KBFNNNG","CAPACITOR:   SMD CER 0805 470nF 50V ±10% X7R   [CL21B474KBFNNNG] [SMD]"
"10","2","C30,C33","4.7uF","","Capacitor_SMD:C_0805_2012Metric","","50V","","OEPS010013","GRM21BR61H475KE51L","CAPACITOR:   SMD CER 0805 4.7uF 50V ±10% X5R   [GRM21BR61H475KE51L] [SMD]"
"11","1","C34","22nF","","Capacitor_SMD:C_0603_1608Metric","","50V","","OEPS010056","C1608X7R2A223K080AA","CAPACITOR:   SMD CER 0603 22nF 100V ±10% X7R   [C1608X7R2A223K080AA] [SMD]"
"12","1","D1","XZMDKCBDDG45S-9","","open-ephys:SUNLED_PLCC4-INV_3.2x2.8x1.9mm","","","","OEPS030057","XZMDKCBDDG45S-9","DIODE:   LED SMD RGB Red 645nm Green 515nm Blue 460nm   [XZMDKCBDDG45S-9] [4-PLCC]"
"13","1","D9","TPD4E05U06DQA","","Package_SON:USON-10_2.5x1.0mm_P0.5mm","","","","OEPS030037","TPD4E05U06DQAR","DIODE:   TVS DIODE 5.5VWM 14VC   [TPD4E05U06DQAR] [10-UFDFN]"
"14","1","J1","0015910100","","Connector_PinHeader_2.54mm:PinHeader_2x05_P2.54mm_Vertical_SMD","","","DNP","OEPS000000","DNP","DNP: Do Not Populate (DNI)"
"15","1","J2","USB4110-GF-A","","open-ephys:GCT-USB_C_Receptacle_GCT_USB4110","","","","OEPS070153","USB4110-GF-A","CONNECTOR:   USB2.0 TYPE C 24P SMD R/A   [USB4110-GF-A] [SMD]"
"16","1","J3","B6B-PH-SM4-TB","","open-ephys:JST_PH_B6B-PH-SM4-TB_1x06-1MP_P2.00mm_Vertical","","","","OEPS070154","B6B-PH-SM4-TB","CONNECTOR:   HEADER SMD JST 6POS 2MM   [B6B-PH-SM4-TB] [SMD]"
"17","2","R1,R2","4.7k","","Resistor_SMD:R_0603_1608Metric","","","","OEPS020236","RC0603FR-074K7L","RESISTOR:   SMD 0603 4.7kΩ ±1% 0.100W   [RC0603FR-074K7L] [SMD]"
"18","9","R3,R5,R14,R17,R18,R23,R24,R25,R31","10k","","Resistor_SMD:R_0603_1608Metric","","","","OEPS020133","RC0603FR-0710KL","RESISTOR:   SMD 0603 10kΩ ±1% 0.100W   [RC0603FR-0710KL] [SMD]"
"19","2","R4,R6","27","","Resistor_SMD:R_0402_1005Metric","","","","OEPS020170","RMCF0402FT27R0","RESISTOR:   SMD 0402 27Ω ±1% 0.063W   [RMCF0402FT27R0] [SMD]"
"20","1","R7","1K","","Resistor_SMD:R_0402_1005Metric","","","","OEPS020006","ERJ-2RKF1001X","RESISTOR:   SMD 0402 1kΩ ±1% 0.100W   [ERJ-2RKF1001X] [SMD]"
"21","2","R8,R9","5.1k","","Resistor_SMD:R_0402_1005Metric","","","","OEPS020173","ERJ-2RKF5101X","RESISTOR:   SMD 0402 5.1kΩ ±1% 0.100W   [ERJ-2RKF5101X] [SMD]"
"22","1","R10","1.5M","","Resistor_SMD:R_0603_1608Metric","","","","OEPS020237","AC0603FR-071M5L","RESISTOR:   SMD 0603 1.5MΩ ±1% 0.100W   [AC0603FR-071M5L] [SMD]"
"23","1","R11","160k","1%","Resistor_SMD:R_0603_1608Metric","","","","OEPS020086","ERJ-3EKF1603V","RESISTOR:   SMD 0603 160kΩ ±1% 0.100W   [ERJ-3EKF1603V] [SMD]"
"24","1","R12","1.33k","1%","Resistor_SMD:R_0603_1608Metric","","","","OEPS020238","ERJ-3EKF1331V","RESISTOR:   SMD 0603 1.33kΩ ±1% 0.100W   [ERJ-3EKF1331V] [SMD]"
"25","1","R13","1.2M","","Resistor_SMD:R_0603_1608Metric","","","","OEPS020239","AC0603FR-071M2L","RESISTOR:   SMD 0603 1.2MΩ ±1% 0.100W   [AC0603FR-071M2L] [SMD]"
"26","1","R15","51k","1%","Resistor_SMD:R_0603_1608Metric","","","","OEPS020087","CR0603-FX-5102ELF","RESISTOR:   SMD 0603 51kΩ ±1% 0.100W   [CR0603-FX-5102ELF] [SMD]"
"27","1","R16","2.49k","","Resistor_SMD:R_0603_1608Metric","","","","OEPS020088","ERJ-3EKF2491V","RESISTOR:   SMD 0603 2.49kΩ ±1% 0.100W   [ERJ-3EKF2491V] [SMD]"
"28","1","R19","2.2","","Resistor_SMD:R_0603_1608Metric","","","","OEPS020240","CRCW06032R20FKEAC","RESISTOR:   SMD 0603 2.2Ω ±1% 0.100W   [CRCW06032R20FKEAC] [SMD]"
"29","2","R20,R21","0.47,0.5W","1%","Resistor_SMD:R_1206_3216Metric","","","","OEPS020241","KDV12DR470ET","RESISTOR:   SMD 1206 0.47Ω ±0.5% 0.500W   [KDV12DR470ET] [SMD]"
"30","4","R26,R27,R28,R29","100","","Resistor_SMD:R_0402_1005Metric","","","","OEPS020028","RCS0402100RFKED","RESISTOR:   SMD 0402 100Ω ±1% 0.250W   [RCS0402100RFKED] [SMD]"
"31","1","R30","0","","Resistor_SMD:R_0603_1608Metric","","","","OEPS020151","RCS06030000Z0EA","RESISTOR:   SMD 0603 0Ω 1A   [RCS06030000Z0EA] [SMD]"
"32","4","R32,R33,R34,R35","0","","Resistor_SMD:R_0805_2012Metric","","","","OEPS020025","RC0805JR-070RL","RESISTOR:   SMD 0805 0Ω 2A   [RC0805JR-070RL] [SMD]"
"33","1","SW1","EVQ-P7J01P","","open-ephys:PANASONIC_EVQP7-JA-01P","","","","OEPS100090","EVQ-P7J01P","OTHER:   SWITCH TACTILE SPST-NO 0.05A 12V   [EVQ-P7J01P] [SMD]"
"34","1","SW2","TS04-66-50-BK-160-SMT","","open-ephys:SAMESKY_TS04-66-XX-BK-XXX-SMT-XX","","","","OEPS070115","TS04-66-50-BK-160-SMT","CONNECTOR:   SWITCH TACTILE SPST-NO TOP ACTUATED   [TS04-66-50-BK-160-SMT] [SMD]"
"35","1","U1","W25Q128JVS","","Package_SO:SOIC-8_5.3x5.3mm_P1.27mm","","","","OEPS080163","W25Q128JVSIQ","IC:   FLASH 128MBIT SPI/QUAD   [W25Q128JVSIQ] [8-SOIC]"
"36","1","U2","RP2040","","Package_DFN_QFN:QFN-56-1EP_7x7mm_P0.4mm_EP3.2x3.2mm","","","","OEPS080158","SC0914(13)","IC:   MCU ARM CORTEX-M0+ 32-BIT DUAL-CORE 133MHZ RP2040   [SC0914(13)] [56-VFQFN Exposed Pad]"
"37","1","U4","CAP1296-x-AIA","","Package_DFN_QFN:DFN-10-1EP_3x3mm_P0.5mm_EP1.55x2.48mm","","","","OEPS080233","CAP1296-1-AIA-TR","IC:   CAPACITIVE TOUCH SENSOR 6CH   [CAP1296-1-AIA-TR] [10-DFN-EP]"
"38","1","U5","PTN04050CAZ","","open-ephys:TI_R-PDSS_B4_SMD","","","","OEPS100091","PTN04050CAZ","OTHER:   DC DC CONVERTER 5-15V   [PTN04050CAZ] [Populated PCB]"
"39","1","U6","LTC4425","","Package_SO:MSOP-12-1EP_3x4.039mm_P0.65mm_EP1.651x2.845mm","","","","OEPS080230","LTC4425EMSE#PBF","IC:   SUPERCAP CHARGER   [LTC4425EMSE#PBF] [12-MSOP-EP]"
"40","1","U7","TMC2130-LA","","Package_DFN_QFN:QFN-36-1EP_5x6mm_P0.5mm_EP3.6x4.1mm","","","","OEPS080231","TMC2130-LA","IC:   STEPPER MOTOR DRIVER   [TMC2130-LA] [36-QFN ]"
"41","1","U8","IS31FL3193","","Package_DFN_QFN:DFN-10-1EP_3x3mm_P0.5mm_EP1.65x2.38mm","","","","OEPS080232","IS31FL3193-DLS2-TR","IC:   LED DRIVER LINEAR 42MA   [IS31FL3193-DLS2-TR] [10-DFN-EP]"
"42","1","U9","AP2112K-3.3","","Package_TO_SOT_SMD:SOT-23-5","","","","OEPS080155","AP2112K-3.3TRG1","IC:   LDO 3.3V 600mA   [AP2112K-3.3TRG1] [SOT-23-5]"
"43","1","Y1","ABM8AIG-12.000MHZ-12-2Z-T3","","Crystal:Crystal_SMD_Abracon_ABM8AIG-4Pin_3.2x2.5mm","","","","OEPS100059","ABM8AIG-12.000MHZ-12-2Z-T3","OTHER:   Crystal 12 MHz ±20ppm 12pF 100Ohms   [ABM8AIG-12.000MHZ-12-2Z-T3] [SMD]"
